{
    "id":1499.5,
    "fploss":-13.9509255728,
    "sdr_i":14.353119437,
    "si_sdr_i":13.9545725039,
    "si_snr_i":13.9545870447,
    "nb_pesq_i":1.340268771,
    "wb_pesq_i":1.3754440221,
    "sdr":14.5321784252,
    "si_sdr":13.9509255728,
    "si_snr":13.9509402289,
    "nb_pesq":3.3860222416,
    "wb_pesq":2.9680607064,
    "input_sdr":0.1790589882,
    "input_si_sdr":-0.0036469248,
    "input_si_snr":-0.0036468121,
    "input_nb_pesq":2.0457534707,
    "input_wb_pesq":1.5926166843,
    "sdr_i_corr":12.9878446844,
    "si_sdr_i_corr":11.9067405781,
    "si_snr_i_corr":11.9067575935,
    "nb_pesq_i_corr":1.160498368,
    "wb_pesq_i_corr":1.1734078417,
    "sdr_corr":13.1669036726,
    "si_sdr_corr":11.9030936514,
    "si_snr_corr":11.9031107737,
    "nb_pesq_corr":3.2062518386,
    "wb_pesq_corr":2.766024526,
    "except_num":0.0
}